canonical_game_id,canonical_game_id,_violated_unique_on
,,canonical_game_id
,,canonical_game_id
,,canonical_game_id
,,canonical_game_id
,,canonical_game_id
,,canonical_game_id
,,canonical_game_id
,,canonical_game_id
,,canonical_game_id
,,canonical_game_id
,,canonical_game_id
,,canonical_game_id
,,canonical_game_id
,,canonical_game_id
,,canonical_game_id
,,canonical_game_id
,,canonical_game_id
,,canonical_game_id
,,canonical_game_id
,,canonical_game_id
,,canonical_game_id
,,canonical_game_id
,,canonical_game_id
,,canonical_game_id
,,canonical_game_id
,,canonical_game_id
,,canonical_game_id
,,canonical_game_id
,,canonical_game_id
,,canonical_game_id
,,canonical_game_id
,,canonical_game_id
,,canonical_game_id
,,canonical_game_id
,,canonical_game_id
,,canonical_game_id
,,canonical_game_id
,,canonical_game_id
,,canonical_game_id
,,canonical_game_id
,,canonical_game_id
,,canonical_game_id
,,canonical_game_id
,,canonical_game_id
,,canonical_game_id
,,canonical_game_id
,,canonical_game_id
,,canonical_game_id
,,canonical_game_id
,,canonical_game_id
,,canonical_game_id
,,canonical_game_id
,,canonical_game_id
,,canonical_game_id
,,canonical_game_id
,,canonical_game_id
,,canonical_game_id
,,canonical_game_id
,,canonical_game_id
,,canonical_game_id
,,canonical_game_id
,,canonical_game_id
,,canonical_game_id
,,canonical_game_id
,,canonical_game_id
,,canonical_game_id
,,canonical_game_id
,,canonical_game_id
,,canonical_game_id
,,canonical_game_id
,,canonical_game_id
,,canonical_game_id
,,canonical_game_id
,,canonical_game_id
,,canonical_game_id
,,canonical_game_id
,,canonical_game_id
,,canonical_game_id
,,canonical_game_id
,,canonical_game_id
,,canonical_game_id
,,canonical_game_id
,,canonical_game_id
,,canonical_game_id
,,canonical_game_id
,,canonical_game_id
,,canonical_game_id
,,canonical_game_id
,,canonical_game_id
,,canonical_game_id
,,canonical_game_id
,,canonical_game_id
,,canonical_game_id
,,canonical_game_id
,,canonical_game_id
,,canonical_game_id
,,canonical_game_id
,,canonical_game_id
,,canonical_game_id
,,canonical_game_id
,,canonical_game_id
,,canonical_game_id
,,canonical_game_id
,,canonical_game_id
,,canonical_game_id
,,canonical_game_id
,,canonical_game_id
,,canonical_game_id
,,canonical_game_id
,,canonical_game_id
,,canonical_game_id
,,canonical_game_id
,,canonical_game_id
,,canonical_game_id
,,canonical_game_id
,,canonical_game_id
,,canonical_game_id
,,canonical_game_id
,,canonical_game_id
,,canonical_game_id
,,canonical_game_id
,,canonical_game_id
,,canonical_game_id
,,canonical_game_id
,,canonical_game_id
,,canonical_game_id
,,canonical_game_id
,,canonical_game_id
,,canonical_game_id
,,canonical_game_id
,,canonical_game_id
,,canonical_game_id
,,canonical_game_id
,,canonical_game_id
,,canonical_game_id
,,canonical_game_id
,,canonical_game_id
,,canonical_game_id
,,canonical_game_id
,,canonical_game_id
,,canonical_game_id
,,canonical_game_id
,,canonical_game_id
,,canonical_game_id
,,canonical_game_id
,,canonical_game_id
,,canonical_game_id
,,canonical_game_id
,,canonical_game_id
,,canonical_game_id
,,canonical_game_id
,,canonical_game_id
,,canonical_game_id
,,canonical_game_id
,,canonical_game_id
,,canonical_game_id
,,canonical_game_id
,,canonical_game_id
,,canonical_game_id
,,canonical_game_id
,,canonical_game_id
,,canonical_game_id
,,canonical_game_id
,,canonical_game_id
,,canonical_game_id
,,canonical_game_id
,,canonical_game_id
,,canonical_game_id
,,canonical_game_id
,,canonical_game_id
,,canonical_game_id
,,canonical_game_id
,,canonical_game_id
,,canonical_game_id
,,canonical_game_id
,,canonical_game_id
,,canonical_game_id
,,canonical_game_id
,,canonical_game_id
,,canonical_game_id
,,canonical_game_id
,,canonical_game_id
,,canonical_game_id
,,canonical_game_id
,,canonical_game_id
,,canonical_game_id
,,canonical_game_id
,,canonical_game_id
,,canonical_game_id
,,canonical_game_id
,,canonical_game_id
,,canonical_game_id
,,canonical_game_id
,,canonical_game_id
,,canonical_game_id
,,canonical_game_id
,,canonical_game_id
,,canonical_game_id
,,canonical_game_id
,,canonical_game_id
,,canonical_game_id
,,canonical_game_id
,,canonical_game_id
,,canonical_game_id
,,canonical_game_id
,,canonical_game_id
,,canonical_game_id
,,canonical_game_id
,,canonical_game_id
,,canonical_game_id
,,canonical_game_id
,,canonical_game_id
,,canonical_game_id
,,canonical_game_id
,,canonical_game_id
,,canonical_game_id
,,canonical_game_id
,,canonical_game_id
,,canonical_game_id
,,canonical_game_id
,,canonical_game_id
,,canonical_game_id
,,canonical_game_id
,,canonical_game_id
,,canonical_game_id
,,canonical_game_id
,,canonical_game_id
,,canonical_game_id
,,canonical_game_id
,,canonical_game_id
,,canonical_game_id
,,canonical_game_id
,,canonical_game_id
,,canonical_game_id
,,canonical_game_id
,,canonical_game_id
,,canonical_game_id
,,canonical_game_id
,,canonical_game_id
,,canonical_game_id
,,canonical_game_id
,,canonical_game_id
,,canonical_game_id
,,canonical_game_id
,,canonical_game_id
,,canonical_game_id
,,canonical_game_id
,,canonical_game_id
,,canonical_game_id
,,canonical_game_id
,,canonical_game_id
,,canonical_game_id
,,canonical_game_id
,,canonical_game_id
,,canonical_game_id
,,canonical_game_id
,,canonical_game_id
,,canonical_game_id
,,canonical_game_id
,,canonical_game_id
,,canonical_game_id
,,canonical_game_id
,,canonical_game_id
,,canonical_game_id
,,canonical_game_id
,,canonical_game_id
,,canonical_game_id
,,canonical_game_id
,,canonical_game_id
,,canonical_game_id
,,canonical_game_id
,,canonical_game_id
,,canonical_game_id
,,canonical_game_id
,,canonical_game_id
,,canonical_game_id
,,canonical_game_id
,,canonical_game_id
,,canonical_game_id
,,canonical_game_id
,,canonical_game_id
,,canonical_game_id
,,canonical_game_id
,,canonical_game_id
,,canonical_game_id
,,canonical_game_id
,,canonical_game_id
,,canonical_game_id
,,canonical_game_id
,,canonical_game_id
,,canonical_game_id
,,canonical_game_id
,,canonical_game_id
,,canonical_game_id
,,canonical_game_id
,,canonical_game_id
,,canonical_game_id
,,canonical_game_id
,,canonical_game_id
,,canonical_game_id
,,canonical_game_id
,,canonical_game_id
,,canonical_game_id
,,canonical_game_id
,,canonical_game_id
,,canonical_game_id
,,canonical_game_id
,,canonical_game_id
,,canonical_game_id
,,canonical_game_id
,,canonical_game_id
,,canonical_game_id
,,canonical_game_id
,,canonical_game_id
,,canonical_game_id
,,canonical_game_id
,,canonical_game_id
,,canonical_game_id
,,canonical_game_id
,,canonical_game_id
,,canonical_game_id
,,canonical_game_id
,,canonical_game_id
,,canonical_game_id
,,canonical_game_id
,,canonical_game_id
,,canonical_game_id
,,canonical_game_id
,,canonical_game_id
,,canonical_game_id
,,canonical_game_id
,,canonical_game_id
,,canonical_game_id
,,canonical_game_id
,,canonical_game_id
,,canonical_game_id
,,canonical_game_id
,,canonical_game_id
,,canonical_game_id
,,canonical_game_id
,,canonical_game_id
,,canonical_game_id
,,canonical_game_id
,,canonical_game_id
,,canonical_game_id
,,canonical_game_id
,,canonical_game_id
,,canonical_game_id
,,canonical_game_id
,,canonical_game_id
,,canonical_game_id
,,canonical_game_id
,,canonical_game_id
,,canonical_game_id
,,canonical_game_id
,,canonical_game_id
,,canonical_game_id
,,canonical_game_id
,,canonical_game_id
,,canonical_game_id
,,canonical_game_id
,,canonical_game_id
,,canonical_game_id
,,canonical_game_id
,,canonical_game_id
,,canonical_game_id
,,canonical_game_id
,,canonical_game_id
,,canonical_game_id
,,canonical_game_id
,,canonical_game_id
,,canonical_game_id
,,canonical_game_id
,,canonical_game_id
,,canonical_game_id
,,canonical_game_id
,,canonical_game_id
,,canonical_game_id
,,canonical_game_id
,,canonical_game_id
,,canonical_game_id
,,canonical_game_id
,,canonical_game_id
,,canonical_game_id
,,canonical_game_id
,,canonical_game_id
,,canonical_game_id
,,canonical_game_id
,,canonical_game_id
,,canonical_game_id
,,canonical_game_id
,,canonical_game_id
,,canonical_game_id
,,canonical_game_id
,,canonical_game_id
,,canonical_game_id
,,canonical_game_id
,,canonical_game_id
,,canonical_game_id
,,canonical_game_id
,,canonical_game_id
,,canonical_game_id
,,canonical_game_id
,,canonical_game_id
,,canonical_game_id
,,canonical_game_id
,,canonical_game_id
,,canonical_game_id
,,canonical_game_id
,,canonical_game_id
,,canonical_game_id
,,canonical_game_id
,,canonical_game_id
,,canonical_game_id
,,canonical_game_id
,,canonical_game_id
,,canonical_game_id
,,canonical_game_id
,,canonical_game_id
,,canonical_game_id
,,canonical_game_id
,,canonical_game_id
,,canonical_game_id
,,canonical_game_id
,,canonical_game_id
,,canonical_game_id
,,canonical_game_id
,,canonical_game_id
,,canonical_game_id
,,canonical_game_id
,,canonical_game_id
,,canonical_game_id
,,canonical_game_id
,,canonical_game_id
,,canonical_game_id
,,canonical_game_id
,,canonical_game_id
,,canonical_game_id
,,canonical_game_id
,,canonical_game_id
,,canonical_game_id
,,canonical_game_id
,,canonical_game_id
,,canonical_game_id
,,canonical_game_id
,,canonical_game_id
,,canonical_game_id
,,canonical_game_id
,,canonical_game_id
,,canonical_game_id
,,canonical_game_id
,,canonical_game_id
,,canonical_game_id
,,canonical_game_id
,,canonical_game_id
,,canonical_game_id
,,canonical_game_id
,,canonical_game_id
,,canonical_game_id
,,canonical_game_id
,,canonical_game_id
,,canonical_game_id
,,canonical_game_id
,,canonical_game_id
,,canonical_game_id
,,canonical_game_id
,,canonical_game_id
,,canonical_game_id
,,canonical_game_id
,,canonical_game_id
,,canonical_game_id
,,canonical_game_id
,,canonical_game_id
,,canonical_game_id
,,canonical_game_id
,,canonical_game_id
,,canonical_game_id
,,canonical_game_id
,,canonical_game_id
,,canonical_game_id
,,canonical_game_id
,,canonical_game_id
,,canonical_game_id
,,canonical_game_id
,,canonical_game_id
,,canonical_game_id
,,canonical_game_id
,,canonical_game_id
,,canonical_game_id
,,canonical_game_id
,,canonical_game_id
,,canonical_game_id
,,canonical_game_id
,,canonical_game_id
,,canonical_game_id
,,canonical_game_id
,,canonical_game_id
,,canonical_game_id
,,canonical_game_id
,,canonical_game_id
,,canonical_game_id
,,canonical_game_id
,,canonical_game_id
,,canonical_game_id
,,canonical_game_id
,,canonical_game_id
,,canonical_game_id
,,canonical_game_id
,,canonical_game_id
,,canonical_game_id
,,canonical_game_id
,,canonical_game_id
,,canonical_game_id
,,canonical_game_id
,,canonical_game_id
,,canonical_game_id
,,canonical_game_id
,,canonical_game_id
,,canonical_game_id
,,canonical_game_id
,,canonical_game_id
,,canonical_game_id
,,canonical_game_id
,,canonical_game_id
,,canonical_game_id
,,canonical_game_id
,,canonical_game_id
,,canonical_game_id
,,canonical_game_id
,,canonical_game_id
,,canonical_game_id
,,canonical_game_id
,,canonical_game_id
,,canonical_game_id
,,canonical_game_id
,,canonical_game_id
,,canonical_game_id
,,canonical_game_id
,,canonical_game_id
,,canonical_game_id
,,canonical_game_id
,,canonical_game_id
,,canonical_game_id
,,canonical_game_id
,,canonical_game_id
,,canonical_game_id
,,canonical_game_id
,,canonical_game_id
,,canonical_game_id
,,canonical_game_id
,,canonical_game_id
,,canonical_game_id
,,canonical_game_id
,,canonical_game_id
,,canonical_game_id
,,canonical_game_id
,,canonical_game_id
